{"cameraMode":{"drawMode":0,"name":"Shaded","section":"Shading Mode"},"sceneLighting":true,"audioPlay":false,"sceneViewState":{"showFog":true,"showMaterialUpdate":false,"showSkybox":true,"showFlares":true,"showImageEffects":true,"showParticleSystems":true},"in2DMode":false,"pivot":{"x":-0.5077421069145203,"y":2.0008764266967775,"z":-0.4297797679901123},"rotation":{"x":-0.20590846240520478,"y":0.19719606637954713,"z":-0.042404115200042728,"w":-0.9575580358505249},"size":4.466025352478027,"orthographic":false}