{"cameraMode":{"drawMode":0,"name":"Shaded","section":"Shading Mode"},"sceneLighting":true,"audioPlay":false,"sceneViewState":{"showFog":true,"showMaterialUpdate":true,"showSkybox":true,"showFlares":true,"showImageEffects":true,"showParticleSystems":true},"in2DMode":false,"pivot":{"x":-16.507675170898439,"y":-6.485424041748047,"z":16.42053985595703},"rotation":{"x":0.21597714722156526,"y":-0.26695504784584048,"z":0.0615210123360157,"w":0.937178909778595},"size":22.7280216217041,"orthographic":false}